year,week,loc,state,country,loc_type,number,event
1910,34,WILMINGTON,DE,US,CITY,1,CASES
1915,48,WILMINGTON,DE,US,CITY,2,CASES
1915,49,WILMINGTON,DE,US,CITY,4,CASES
1915,50,WILMINGTON,DE,US,CITY,1,CASES
1915,51,WILMINGTON,DE,US,CITY,1,CASES
1915,52,WILMINGTON,DE,US,CITY,2,CASES
1916,1,WILMINGTON,DE,US,CITY,1,CASES
1916,6,WILMINGTON,DE,US,CITY,2,CASES
1916,7,WILMINGTON,DE,US,CITY,2,CASES
1916,8,WILMINGTON,DE,US,CITY,2,CASES
1916,9,WILMINGTON,DE,US,CITY,5,CASES
1916,10,WILMINGTON,DE,US,CITY,4,CASES
1916,11,WILMINGTON,DE,US,CITY,4,CASES
1916,12,WILMINGTON,DE,US,CITY,2,CASES
1916,13,WILMINGTON,DE,US,CITY,1,CASES
1916,14,WILMINGTON,DE,US,CITY,3,CASES
1916,15,WILMINGTON,DE,US,CITY,4,CASES
1916,16,WILMINGTON,DE,US,CITY,4,CASES
1916,17,WILMINGTON,DE,US,CITY,6,CASES
1916,18,WILMINGTON,DE,US,CITY,3,CASES
1916,20,WILMINGTON,DE,US,CITY,1,CASES
1916,22,WILMINGTON,DE,US,CITY,3,CASES
1916,23,WILMINGTON,DE,US,CITY,1,CASES
1916,24,WILMINGTON,DE,US,CITY,1,CASES
1916,25,WILMINGTON,DE,US,CITY,1,CASES
1916,26,WILMINGTON,DE,US,CITY,1,CASES
1916,32,WILMINGTON,DE,US,CITY,1,CASES
1916,33,WILMINGTON,DE,US,CITY,1,CASES
1916,34,WILMINGTON,DE,US,CITY,2,CASES
1916,35,WILMINGTON,DE,US,CITY,1,CASES
1916,36,WILMINGTON,DE,US,CITY,1,CASES
1916,37,WILMINGTON,DE,US,CITY,1,CASES
1916,38,WILMINGTON,DE,US,CITY,1,CASES
1916,40,WILMINGTON,DE,US,CITY,2,CASES
1916,41,WILMINGTON,DE,US,CITY,1,CASES
1916,42,WILMINGTON,DE,US,CITY,2,CASES
1916,43,WILMINGTON,DE,US,CITY,1,CASES
1916,46,WILMINGTON,DE,US,CITY,2,CASES
1916,47,WILMINGTON,DE,US,CITY,3,CASES
1916,48,WILMINGTON,DE,US,CITY,1,CASES
1916,49,WILMINGTON,DE,US,CITY,2,CASES
1917,1,WILMINGTON,DE,US,CITY,2,CASES
1917,3,WILMINGTON,DE,US,CITY,3,CASES
1917,4,WILMINGTON,DE,US,CITY,1,CASES
1917,5,WILMINGTON,DE,US,CITY,1,CASES
1917,8,WILMINGTON,DE,US,CITY,2,CASES
1917,10,WILMINGTON,DE,US,CITY,1,CASES
1917,11,WILMINGTON,DE,US,CITY,1,CASES
1917,13,WILMINGTON,DE,US,CITY,1,CASES
1917,16,WILMINGTON,DE,US,CITY,1,CASES
1917,17,WILMINGTON,DE,US,CITY,1,CASES
1917,19,WILMINGTON,DE,US,CITY,2,CASES
1917,20,WILMINGTON,DE,US,CITY,1,CASES
1917,21,WILMINGTON,DE,US,CITY,2,CASES
1917,23,WILMINGTON,DE,US,CITY,2,CASES
1917,24,WILMINGTON,DE,US,CITY,3,CASES
1917,25,WILMINGTON,DE,US,CITY,2,CASES
1917,27,WILMINGTON,DE,US,CITY,1,CASES
1917,28,WILMINGTON,DE,US,CITY,2,CASES
1917,29,WILMINGTON,DE,US,CITY,1,CASES
1917,32,WILMINGTON,DE,US,CITY,2,CASES
1917,33,WILMINGTON,DE,US,CITY,1,CASES
1917,35,WILMINGTON,DE,US,CITY,1,CASES
1917,36,WILMINGTON,DE,US,CITY,1,CASES
1917,42,WILMINGTON,DE,US,CITY,1,CASES
1917,46,WILMINGTON,DE,US,CITY,3,CASES
1917,47,WILMINGTON,DE,US,CITY,4,CASES
1917,48,WILMINGTON,DE,US,CITY,3,CASES
1917,49,WILMINGTON,DE,US,CITY,7,CASES
1917,50,WILMINGTON,DE,US,CITY,6,CASES
1917,51,WILMINGTON,DE,US,CITY,3,CASES
1917,52,WILMINGTON,DE,US,CITY,2,CASES
1918,1,WILMINGTON,DE,US,CITY,5,CASES
1918,2,WILMINGTON,DE,US,CITY,2,CASES
1918,3,WILMINGTON,DE,US,CITY,1,CASES
1918,4,WILMINGTON,DE,US,CITY,1,CASES
1918,5,WILMINGTON,DE,US,CITY,2,CASES
1918,9,WILMINGTON,DE,US,CITY,3,CASES
1918,10,WILMINGTON,DE,US,CITY,3,CASES
1918,11,WILMINGTON,DE,US,CITY,3,CASES
1918,12,WILMINGTON,DE,US,CITY,2,CASES
1918,13,WILMINGTON,DE,US,CITY,3,CASES
1918,14,WILMINGTON,DE,US,CITY,1,CASES
1918,15,WILMINGTON,DE,US,CITY,3,CASES
1918,18,WILMINGTON,DE,US,CITY,1,CASES
1918,19,WILMINGTON,DE,US,CITY,1,CASES
1918,21,WILMINGTON,DE,US,CITY,1,CASES
1918,23,WILMINGTON,DE,US,CITY,2,CASES
1918,24,WILMINGTON,DE,US,CITY,2,CASES
1918,25,WILMINGTON,DE,US,CITY,2,CASES
1918,26,WILMINGTON,DE,US,CITY,1,CASES
1918,29,WILMINGTON,DE,US,CITY,1,CASES
1918,30,WILMINGTON,DE,US,CITY,1,CASES
1918,31,WILMINGTON,DE,US,CITY,3,CASES
1918,32,WILMINGTON,DE,US,CITY,1,CASES
1918,33,WILMINGTON,DE,US,CITY,2,CASES
1918,34,WILMINGTON,DE,US,CITY,2,CASES
1918,35,WILMINGTON,DE,US,CITY,1,CASES
1918,36,WILMINGTON,DE,US,CITY,4,CASES
1918,37,WILMINGTON,DE,US,CITY,2,CASES
1918,41,WILMINGTON,DE,US,CITY,2,CASES
1918,43,WILMINGTON,DE,US,CITY,3,CASES
1918,44,WILMINGTON,DE,US,CITY,1,CASES
1918,46,WILMINGTON,DE,US,CITY,6,CASES
1918,47,WILMINGTON,DE,US,CITY,5,CASES
1918,49,WILMINGTON,DE,US,CITY,2,CASES
1918,50,WILMINGTON,DE,US,CITY,2,CASES
1918,51,WILMINGTON,DE,US,CITY,3,CASES
1918,52,WILMINGTON,DE,US,CITY,2,CASES
1919,1,WILMINGTON,DE,US,CITY,3,CASES
1919,2,WILMINGTON,DE,US,CITY,2,CASES
1919,3,WILMINGTON,DE,US,CITY,1,CASES
1919,4,WILMINGTON,DE,US,CITY,2,CASES
1919,5,WILMINGTON,DE,US,CITY,2,CASES
1919,6,WILMINGTON,DE,US,CITY,2,CASES
1919,7,WILMINGTON,DE,US,CITY,8,CASES
1919,10,WILMINGTON,DE,US,CITY,1,CASES
1919,11,WILMINGTON,DE,US,CITY,1,CASES
1919,12,WILMINGTON,DE,US,CITY,4,CASES
1919,14,WILMINGTON,DE,US,CITY,4,CASES
1919,15,WILMINGTON,DE,US,CITY,2,CASES
1919,16,WILMINGTON,DE,US,CITY,2,CASES
1919,18,WILMINGTON,DE,US,CITY,1,CASES
1919,20,WILMINGTON,DE,US,CITY,1,CASES
1919,23,WILMINGTON,DE,US,CITY,4,CASES
1919,24,WILMINGTON,DE,US,CITY,2,CASES
1919,25,WILMINGTON,DE,US,CITY,2,CASES
1919,27,WILMINGTON,DE,US,CITY,1,CASES
1919,28,WILMINGTON,DE,US,CITY,2,CASES
1919,31,WILMINGTON,DE,US,CITY,1,CASES
1919,34,WILMINGTON,DE,US,CITY,2,CASES
1919,35,WILMINGTON,DE,US,CITY,2,CASES
1919,36,WILMINGTON,DE,US,CITY,2,CASES
1919,37,WILMINGTON,DE,US,CITY,3,CASES
1919,38,WILMINGTON,DE,US,CITY,3,CASES
1919,39,WILMINGTON,DE,US,CITY,2,CASES
1919,40,WILMINGTON,DE,US,CITY,8,CASES
1919,41,WILMINGTON,DE,US,CITY,5,CASES
1919,42,WILMINGTON,DE,US,CITY,6,CASES
1919,43,WILMINGTON,DE,US,CITY,4,CASES
1919,44,WILMINGTON,DE,US,CITY,5,CASES
1919,45,WILMINGTON,DE,US,CITY,4,CASES
1919,46,WILMINGTON,DE,US,CITY,10,CASES
1919,47,WILMINGTON,DE,US,CITY,1,CASES
1919,48,WILMINGTON,DE,US,CITY,3,CASES
1919,49,WILMINGTON,DE,US,CITY,5,CASES
1919,50,WILMINGTON,DE,US,CITY,8,CASES
1919,51,WILMINGTON,DE,US,CITY,7,CASES
1919,52,WILMINGTON,DE,US,CITY,5,CASES
1919,53,WILMINGTON,DE,US,CITY,1,CASES
1920,1,WILMINGTON,DE,US,CITY,5,CASES
1920,2,WILMINGTON,DE,US,CITY,7,CASES
1920,3,WILMINGTON,DE,US,CITY,11,CASES
1920,3,WILMINGTON,DE,US,CITY,4,CASES
1920,5,WILMINGTON,DE,US,CITY,4,CASES
1920,6,WILMINGTON,DE,US,CITY,3,CASES
1920,8,WILMINGTON,DE,US,CITY,1,CASES
1920,9,WILMINGTON,DE,US,CITY,4,CASES
1920,10,WILMINGTON,DE,US,CITY,3,CASES
1920,11,WILMINGTON,DE,US,CITY,6,CASES
1920,13,WILMINGTON,DE,US,CITY,4,CASES
1920,14,WILMINGTON,DE,US,CITY,2,CASES
1920,15,WILMINGTON,DE,US,CITY,4,CASES
1920,16,WILMINGTON,DE,US,CITY,4,CASES
1920,17,WILMINGTON,DE,US,CITY,1,CASES
1920,18,WILMINGTON,DE,US,CITY,3,CASES
1920,19,WILMINGTON,DE,US,CITY,4,CASES
1920,20,WILMINGTON,DE,US,CITY,3,CASES
1920,22,WILMINGTON,DE,US,CITY,1,CASES
1920,24,WILMINGTON,DE,US,CITY,2,CASES
1920,26,WILMINGTON,DE,US,CITY,2,CASES
1920,27,WILMINGTON,DE,US,CITY,1,CASES
1920,28,WILMINGTON,DE,US,CITY,1,CASES
1920,30,WILMINGTON,DE,US,CITY,2,CASES
1920,31,WILMINGTON,DE,US,CITY,1,CASES
1920,32,WILMINGTON,DE,US,CITY,2,CASES
1920,33,WILMINGTON,DE,US,CITY,1,CASES
1920,34,WILMINGTON,DE,US,CITY,1,CASES
1920,35,WILMINGTON,DE,US,CITY,1,CASES
1920,36,WILMINGTON,DE,US,CITY,2,CASES
1920,37,WILMINGTON,DE,US,CITY,2,CASES
1920,38,WILMINGTON,DE,US,CITY,3,CASES
1920,39,WILMINGTON,DE,US,CITY,3,CASES
1920,40,WILMINGTON,DE,US,CITY,7,CASES
1920,41,WILMINGTON,DE,US,CITY,11,CASES
1920,42,WILMINGTON,DE,US,CITY,5,CASES
1920,43,WILMINGTON,DE,US,CITY,5,CASES
1920,44,WILMINGTON,DE,US,CITY,1,CASES
1920,45,WILMINGTON,DE,US,CITY,6,CASES
1920,46,WILMINGTON,DE,US,CITY,3,CASES
1920,47,WILMINGTON,DE,US,CITY,1,CASES
1920,48,WILMINGTON,DE,US,CITY,6,CASES
1920,49,WILMINGTON,DE,US,CITY,4,CASES
1920,50,WILMINGTON,DE,US,CITY,3,CASES
1920,51,WILMINGTON,DE,US,CITY,1,CASES
1921,1,WILMINGTON,DE,US,CITY,1,CASES
1921,2,WILMINGTON,DE,US,CITY,3,CASES
1921,3,WILMINGTON,DE,US,CITY,4,CASES
1921,4,WILMINGTON,DE,US,CITY,3,CASES
1921,5,WILMINGTON,DE,US,CITY,2,CASES
1921,6,WILMINGTON,DE,US,CITY,4,CASES
1921,7,WILMINGTON,DE,US,CITY,4,CASES
1921,8,WILMINGTON,DE,US,CITY,1,CASES
1921,9,WILMINGTON,DE,US,CITY,2,CASES
1921,10,WILMINGTON,DE,US,CITY,1,CASES
1921,11,WILMINGTON,DE,US,CITY,5,CASES
1921,12,WILMINGTON,DE,US,CITY,1,CASES
1921,13,WILMINGTON,DE,US,CITY,2,CASES
1921,14,WILMINGTON,DE,US,CITY,4,CASES
1921,15,WILMINGTON,DE,US,CITY,3,CASES
1921,16,WILMINGTON,DE,US,CITY,1,CASES
1921,17,WILMINGTON,DE,US,CITY,1,CASES
1921,21,WILMINGTON,DE,US,CITY,1,CASES
1921,22,WILMINGTON,DE,US,CITY,2,CASES
1921,29,WILMINGTON,DE,US,CITY,2,CASES
1921,31,WILMINGTON,DE,US,CITY,1,CASES
1921,32,WILMINGTON,DE,US,CITY,1,CASES
1921,33,WILMINGTON,DE,US,CITY,3,CASES
1921,34,WILMINGTON,DE,US,CITY,1,CASES
1921,35,WILMINGTON,DE,US,CITY,2,CASES
1921,37,WILMINGTON,DE,US,CITY,1,CASES
1921,39,WILMINGTON,DE,US,CITY,5,CASES
1921,40,WILMINGTON,DE,US,CITY,2,CASES
1921,41,WILMINGTON,DE,US,CITY,2,CASES
1921,42,WILMINGTON,DE,US,CITY,2,CASES
1921,44,WILMINGTON,DE,US,CITY,4,CASES
1921,45,WILMINGTON,DE,US,CITY,2,CASES
1921,46,WILMINGTON,DE,US,CITY,1,CASES
1921,47,WILMINGTON,DE,US,CITY,2,CASES
1921,48,WILMINGTON,DE,US,CITY,3,CASES
1921,52,WILMINGTON,DE,US,CITY,1,CASES
1922,1,WILMINGTON,DE,US,CITY,1,CASES
1922,3,WILMINGTON,DE,US,CITY,2,CASES
1922,4,WILMINGTON,DE,US,CITY,1,CASES
1922,5,WILMINGTON,DE,US,CITY,2,CASES
1922,8,WILMINGTON,DE,US,CITY,2,CASES
1922,9,WILMINGTON,DE,US,CITY,1,CASES
1922,10,WILMINGTON,DE,US,CITY,1,CASES
1922,11,WILMINGTON,DE,US,CITY,3,CASES
1922,12,WILMINGTON,DE,US,CITY,3,CASES
1922,13,WILMINGTON,DE,US,CITY,1,CASES
1922,15,WILMINGTON,DE,US,CITY,1,CASES
1922,18,WILMINGTON,DE,US,CITY,1,CASES
1922,19,WILMINGTON,DE,US,CITY,10,CASES
1922,25,WILMINGTON,DE,US,CITY,2,CASES
1922,26,WILMINGTON,DE,US,CITY,1,CASES
1922,27,WILMINGTON,DE,US,CITY,1,CASES
1922,30,WILMINGTON,DE,US,CITY,1,CASES
1922,45,WILMINGTON,DE,US,CITY,4,CASES
1923,45,WILMINGTON,DE,US,CITY,9,CASES
1923,46,WILMINGTON,DE,US,CITY,2,CASES
1923,47,WILMINGTON,DE,US,CITY,10,CASES
1923,48,WILMINGTON,DE,US,CITY,7,CASES
1923,49,WILMINGTON,DE,US,CITY,5,CASES
1923,51,WILMINGTON,DE,US,CITY,7,CASES
1924,1,WILMINGTON,DE,US,CITY,3,CASES
1924,2,WILMINGTON,DE,US,CITY,8,CASES
1924,3,WILMINGTON,DE,US,CITY,11,CASES
1924,4,WILMINGTON,DE,US,CITY,10,CASES
1924,5,WILMINGTON,DE,US,CITY,6,CASES
1924,6,WILMINGTON,DE,US,CITY,1,CASES
1924,7,WILMINGTON,DE,US,CITY,5,CASES
1924,8,WILMINGTON,DE,US,CITY,2,CASES
1924,9,WILMINGTON,DE,US,CITY,6,CASES
1924,10,WILMINGTON,DE,US,CITY,2,CASES
1924,11,WILMINGTON,DE,US,CITY,1,CASES
1924,12,WILMINGTON,DE,US,CITY,5,CASES
1924,13,WILMINGTON,DE,US,CITY,3,CASES
1924,14,WILMINGTON,DE,US,CITY,2,CASES
1924,15,WILMINGTON,DE,US,CITY,3,CASES
1924,16,WILMINGTON,DE,US,CITY,1,CASES
1924,17,WILMINGTON,DE,US,CITY,4,CASES
1924,21,WILMINGTON,DE,US,CITY,16,CASES
1924,23,WILMINGTON,DE,US,CITY,2,CASES
1924,24,WILMINGTON,DE,US,CITY,0,CASES
1924,25,WILMINGTON,DE,US,CITY,2,CASES
1924,26,WILMINGTON,DE,US,CITY,0,CASES
1924,27,WILMINGTON,DE,US,CITY,0,CASES
1924,28,WILMINGTON,DE,US,CITY,0,CASES
1924,30,WILMINGTON,DE,US,CITY,1,CASES
1924,31,WILMINGTON,DE,US,CITY,2,CASES
1924,32,WILMINGTON,DE,US,CITY,1,CASES
1924,33,WILMINGTON,DE,US,CITY,0,CASES
1924,34,WILMINGTON,DE,US,CITY,0,CASES
1924,36,WILMINGTON,DE,US,CITY,0,CASES
1924,38,WILMINGTON,DE,US,CITY,5,CASES
1924,39,WILMINGTON,DE,US,CITY,3,CASES
1924,40,WILMINGTON,DE,US,CITY,2,CASES
1924,41,WILMINGTON,DE,US,CITY,2,CASES
1924,42,WILMINGTON,DE,US,CITY,6,CASES
1924,43,WILMINGTON,DE,US,CITY,3,CASES
1924,44,WILMINGTON,DE,US,CITY,5,CASES
1924,45,WILMINGTON,DE,US,CITY,5,CASES
1924,46,WILMINGTON,DE,US,CITY,3,CASES
1924,47,WILMINGTON,DE,US,CITY,6,CASES
1924,48,WILMINGTON,DE,US,CITY,5,CASES
1924,49,WILMINGTON,DE,US,CITY,8,CASES
1924,50,WILMINGTON,DE,US,CITY,4,CASES
1924,51,WILMINGTON,DE,US,CITY,1,CASES
1924,52,WILMINGTON,DE,US,CITY,1,CASES
1924,53,WILMINGTON,DE,US,CITY,3,CASES
1925,1,WILMINGTON,DE,US,CITY,4,CASES
1925,4,WILMINGTON,DE,US,CITY,4,CASES
1925,7,WILMINGTON,DE,US,CITY,6,CASES
1925,8,WILMINGTON,DE,US,CITY,1,CASES
1925,9,WILMINGTON,DE,US,CITY,3,CASES
1925,10,WILMINGTON,DE,US,CITY,1,CASES
1925,11,WILMINGTON,DE,US,CITY,11,CASES
1925,12,WILMINGTON,DE,US,CITY,0,CASES
1925,13,WILMINGTON,DE,US,CITY,2,CASES
1925,14,WILMINGTON,DE,US,CITY,2,CASES
1925,15,WILMINGTON,DE,US,CITY,2,CASES
1925,16,WILMINGTON,DE,US,CITY,5,CASES
1925,17,WILMINGTON,DE,US,CITY,5,CASES
1925,18,WILMINGTON,DE,US,CITY,5,CASES
1925,19,WILMINGTON,DE,US,CITY,5,CASES
1925,20,WILMINGTON,DE,US,CITY,3,CASES
1925,21,WILMINGTON,DE,US,CITY,0,CASES
1925,22,WILMINGTON,DE,US,CITY,4,CASES
1925,23,WILMINGTON,DE,US,CITY,3,CASES
1925,24,WILMINGTON,DE,US,CITY,2,CASES
1925,25,WILMINGTON,DE,US,CITY,2,CASES
1925,26,WILMINGTON,DE,US,CITY,0,CASES
1925,27,WILMINGTON,DE,US,CITY,0,CASES
1925,28,WILMINGTON,DE,US,CITY,1,CASES
1925,29,WILMINGTON,DE,US,CITY,0,CASES
1925,30,WILMINGTON,DE,US,CITY,2,CASES
1925,31,WILMINGTON,DE,US,CITY,0,CASES
1925,32,WILMINGTON,DE,US,CITY,3,CASES
1925,33,WILMINGTON,DE,US,CITY,3,CASES
1925,34,WILMINGTON,DE,US,CITY,0,CASES
1925,35,WILMINGTON,DE,US,CITY,0,CASES
1925,36,WILMINGTON,DE,US,CITY,2,CASES
1925,37,WILMINGTON,DE,US,CITY,1,CASES
1925,38,WILMINGTON,DE,US,CITY,0,CASES
1925,39,WILMINGTON,DE,US,CITY,4,CASES
1925,40,WILMINGTON,DE,US,CITY,1,CASES
1925,41,WILMINGTON,DE,US,CITY,7,CASES
1925,42,WILMINGTON,DE,US,CITY,7,CASES
1925,43,WILMINGTON,DE,US,CITY,9,CASES
1925,44,WILMINGTON,DE,US,CITY,13,CASES
1925,45,WILMINGTON,DE,US,CITY,8,CASES
1925,46,WILMINGTON,DE,US,CITY,3,CASES
1925,47,WILMINGTON,DE,US,CITY,8,CASES
1925,48,WILMINGTON,DE,US,CITY,14,CASES
1925,49,WILMINGTON,DE,US,CITY,7,CASES
1925,50,WILMINGTON,DE,US,CITY,12,CASES
1925,51,WILMINGTON,DE,US,CITY,7,CASES
1925,52,WILMINGTON,DE,US,CITY,3,CASES
1926,1,WILMINGTON,DE,US,CITY,5,CASES
1926,2,WILMINGTON,DE,US,CITY,1,CASES
1926,3,WILMINGTON,DE,US,CITY,5,CASES
1926,4,WILMINGTON,DE,US,CITY,3,CASES
1926,5,WILMINGTON,DE,US,CITY,4,CASES
1926,6,WILMINGTON,DE,US,CITY,7,CASES
1926,7,WILMINGTON,DE,US,CITY,3,CASES
1926,8,WILMINGTON,DE,US,CITY,4,CASES
1926,9,WILMINGTON,DE,US,CITY,7,CASES
1926,10,WILMINGTON,DE,US,CITY,7,CASES
1926,11,WILMINGTON,DE,US,CITY,3,CASES
1926,12,WILMINGTON,DE,US,CITY,4,CASES
1926,13,WILMINGTON,DE,US,CITY,5,CASES
1926,14,WILMINGTON,DE,US,CITY,3,CASES
1926,15,WILMINGTON,DE,US,CITY,5,CASES
1926,16,WILMINGTON,DE,US,CITY,2,CASES
1926,17,WILMINGTON,DE,US,CITY,7,CASES
1926,18,WILMINGTON,DE,US,CITY,3,CASES
1926,19,WILMINGTON,DE,US,CITY,0,CASES
1926,20,WILMINGTON,DE,US,CITY,2,CASES
1926,21,WILMINGTON,DE,US,CITY,0,CASES
1926,22,WILMINGTON,DE,US,CITY,3,CASES
1926,23,WILMINGTON,DE,US,CITY,3,CASES
1926,24,WILMINGTON,DE,US,CITY,3,CASES
1926,25,WILMINGTON,DE,US,CITY,0,CASES
1926,26,WILMINGTON,DE,US,CITY,2,CASES
1926,27,WILMINGTON,DE,US,CITY,1,CASES
1926,28,WILMINGTON,DE,US,CITY,0,CASES
1926,29,WILMINGTON,DE,US,CITY,2,CASES
1926,30,WILMINGTON,DE,US,CITY,0,CASES
1926,31,WILMINGTON,DE,US,CITY,3,CASES
1926,32,WILMINGTON,DE,US,CITY,0,CASES
1926,33,WILMINGTON,DE,US,CITY,0,CASES
1926,34,WILMINGTON,DE,US,CITY,1,CASES
1926,35,WILMINGTON,DE,US,CITY,0,CASES
1926,36,WILMINGTON,DE,US,CITY,2,CASES
1926,37,WILMINGTON,DE,US,CITY,1,CASES
1926,38,WILMINGTON,DE,US,CITY,0,CASES
1926,39,WILMINGTON,DE,US,CITY,1,CASES
1926,40,WILMINGTON,DE,US,CITY,0,CASES
1926,41,WILMINGTON,DE,US,CITY,1,CASES
1926,42,WILMINGTON,DE,US,CITY,1,CASES
1926,43,WILMINGTON,DE,US,CITY,5,CASES
1926,44,WILMINGTON,DE,US,CITY,3,CASES
1926,45,WILMINGTON,DE,US,CITY,3,CASES
1926,46,WILMINGTON,DE,US,CITY,0,CASES
1926,47,WILMINGTON,DE,US,CITY,0,CASES
1926,48,WILMINGTON,DE,US,CITY,1,CASES
1926,49,WILMINGTON,DE,US,CITY,1,CASES
1926,50,WILMINGTON,DE,US,CITY,2,CASES
1926,51,WILMINGTON,DE,US,CITY,0,CASES
1926,52,WILMINGTON,DE,US,CITY,0,CASES
1927,1,WILMINGTON,DE,US,CITY,1,CASES
1927,2,WILMINGTON,DE,US,CITY,4,CASES
1927,3,WILMINGTON,DE,US,CITY,2,CASES
1927,4,WILMINGTON,DE,US,CITY,3,CASES
1927,5,WILMINGTON,DE,US,CITY,1,CASES
1927,6,WILMINGTON,DE,US,CITY,2,CASES
1927,7,WILMINGTON,DE,US,CITY,0,CASES
1927,8,WILMINGTON,DE,US,CITY,2,CASES
1927,9,WILMINGTON,DE,US,CITY,1,CASES
1927,10,WILMINGTON,DE,US,CITY,3,CASES
1927,11,WILMINGTON,DE,US,CITY,0,CASES
1927,12,WILMINGTON,DE,US,CITY,0,CASES
1927,13,WILMINGTON,DE,US,CITY,1,CASES
1927,14,WILMINGTON,DE,US,CITY,2,CASES
1927,15,WILMINGTON,DE,US,CITY,1,CASES
1927,16,WILMINGTON,DE,US,CITY,2,CASES
1927,17,WILMINGTON,DE,US,CITY,2,CASES
1927,18,WILMINGTON,DE,US,CITY,4,CASES
1927,19,WILMINGTON,DE,US,CITY,0,CASES
1927,20,WILMINGTON,DE,US,CITY,1,CASES
1927,21,WILMINGTON,DE,US,CITY,0,CASES
1927,22,WILMINGTON,DE,US,CITY,3,CASES
1927,23,WILMINGTON,DE,US,CITY,0,CASES
1927,24,WILMINGTON,DE,US,CITY,0,CASES
1927,25,WILMINGTON,DE,US,CITY,1,CASES
1927,26,WILMINGTON,DE,US,CITY,1,CASES
1927,27,WILMINGTON,DE,US,CITY,2,CASES
1927,28,WILMINGTON,DE,US,CITY,0,CASES
1927,29,WILMINGTON,DE,US,CITY,1,CASES
1927,30,WILMINGTON,DE,US,CITY,1,CASES
1927,31,WILMINGTON,DE,US,CITY,0,CASES
1927,32,WILMINGTON,DE,US,CITY,0,CASES
1927,33,WILMINGTON,DE,US,CITY,0,CASES
1927,34,WILMINGTON,DE,US,CITY,2,CASES
1927,35,WILMINGTON,DE,US,CITY,2,CASES
1927,36,WILMINGTON,DE,US,CITY,0,CASES
1927,37,WILMINGTON,DE,US,CITY,1,CASES
1927,38,WILMINGTON,DE,US,CITY,0,CASES
1927,39,WILMINGTON,DE,US,CITY,0,CASES
1927,40,WILMINGTON,DE,US,CITY,2,CASES
1927,41,WILMINGTON,DE,US,CITY,0,CASES
1927,42,WILMINGTON,DE,US,CITY,1,CASES
1927,43,WILMINGTON,DE,US,CITY,1,CASES
1927,44,WILMINGTON,DE,US,CITY,5,CASES
1927,45,WILMINGTON,DE,US,CITY,1,CASES
1927,46,WILMINGTON,DE,US,CITY,1,CASES
1927,47,WILMINGTON,DE,US,CITY,2,CASES
1927,48,WILMINGTON,DE,US,CITY,3,CASES
1927,49,WILMINGTON,DE,US,CITY,3,CASES
1927,50,WILMINGTON,DE,US,CITY,3,CASES
1927,51,WILMINGTON,DE,US,CITY,2,CASES
1927,52,WILMINGTON,DE,US,CITY,1,CASES
1928,1,WILMINGTON,DE,US,CITY,3,CASES
1928,2,WILMINGTON,DE,US,CITY,0,CASES
1928,3,WILMINGTON,DE,US,CITY,2,CASES
1928,4,WILMINGTON,DE,US,CITY,5,CASES
1928,5,WILMINGTON,DE,US,CITY,5,CASES
1928,6,WILMINGTON,DE,US,CITY,2,CASES
1928,7,WILMINGTON,DE,US,CITY,1,CASES
1928,8,WILMINGTON,DE,US,CITY,0,CASES
1928,9,WILMINGTON,DE,US,CITY,6,CASES
1928,10,WILMINGTON,DE,US,CITY,2,CASES
1928,11,WILMINGTON,DE,US,CITY,8,CASES
1928,12,WILMINGTON,DE,US,CITY,4,CASES
1928,13,WILMINGTON,DE,US,CITY,3,CASES
1928,14,WILMINGTON,DE,US,CITY,3,CASES
1928,15,WILMINGTON,DE,US,CITY,2,CASES
1928,16,WILMINGTON,DE,US,CITY,1,CASES
1928,17,WILMINGTON,DE,US,CITY,2,CASES
1928,18,WILMINGTON,DE,US,CITY,0,CASES
1928,19,WILMINGTON,DE,US,CITY,0,CASES
1928,20,WILMINGTON,DE,US,CITY,2,CASES
1928,21,WILMINGTON,DE,US,CITY,4,CASES
1928,22,WILMINGTON,DE,US,CITY,1,CASES
1928,23,WILMINGTON,DE,US,CITY,2,CASES
1928,24,WILMINGTON,DE,US,CITY,0,CASES
1928,25,WILMINGTON,DE,US,CITY,1,CASES
1928,26,WILMINGTON,DE,US,CITY,0,CASES
1928,23,WILMINGTON,DE,US,CITY,1,CASES
1928,28,WILMINGTON,DE,US,CITY,0,CASES
1928,29,WILMINGTON,DE,US,CITY,1,CASES
1928,30,WILMINGTON,DE,US,CITY,1,CASES
1928,31,WILMINGTON,DE,US,CITY,2,CASES
1928,32,WILMINGTON,DE,US,CITY,0,CASES
1928,33,WILMINGTON,DE,US,CITY,0,CASES
1928,34,WILMINGTON,DE,US,CITY,0,CASES
1928,36,WILMINGTON,DE,US,CITY,0,CASES
1928,37,WILMINGTON,DE,US,CITY,0,CASES
1928,38,WILMINGTON,DE,US,CITY,0,CASES
1928,39,WILMINGTON,DE,US,CITY,0,CASES
1928,40,WILMINGTON,DE,US,CITY,0,CASES
1928,41,WILMINGTON,DE,US,CITY,0,CASES
1928,42,WILMINGTON,DE,US,CITY,0,CASES
1928,43,WILMINGTON,DE,US,CITY,0,CASES
1928,44,WILMINGTON,DE,US,CITY,2,CASES
1928,45,WILMINGTON,DE,US,CITY,0,CASES
1928,46,WILMINGTON,DE,US,CITY,0,CASES
1928,47,WILMINGTON,DE,US,CITY,2,CASES
1928,48,WILMINGTON,DE,US,CITY,2,CASES
1928,49,WILMINGTON,DE,US,CITY,1,CASES
1928,50,WILMINGTON,DE,US,CITY,0,CASES
1928,51,WILMINGTON,DE,US,CITY,1,CASES
1928,52,WILMINGTON,DE,US,CITY,2,CASES
1929,1,WILMINGTON,DE,US,CITY,1,CASES
1929,2,WILMINGTON,DE,US,CITY,3,CASES
1929,3,WILMINGTON,DE,US,CITY,2,CASES
1929,5,WILMINGTON,DE,US,CITY,1,CASES
1929,6,WILMINGTON,DE,US,CITY,0,CASES
1929,7,WILMINGTON,DE,US,CITY,1,CASES
1929,8,WILMINGTON,DE,US,CITY,0,CASES
1929,9,WILMINGTON,DE,US,CITY,0,CASES
1929,10,WILMINGTON,DE,US,CITY,4,CASES
1929,11,WILMINGTON,DE,US,CITY,2,CASES
1929,12,WILMINGTON,DE,US,CITY,0,CASES
1929,13,WILMINGTON,DE,US,CITY,3,CASES
1929,14,WILMINGTON,DE,US,CITY,3,CASES
1929,15,WILMINGTON,DE,US,CITY,1,CASES
1929,16,WILMINGTON,DE,US,CITY,2,CASES
1929,17,WILMINGTON,DE,US,CITY,2,CASES
1929,19,WILMINGTON,DE,US,CITY,2,CASES
1929,20,WILMINGTON,DE,US,CITY,0,CASES
1929,21,WILMINGTON,DE,US,CITY,3,CASES
1929,22,WILMINGTON,DE,US,CITY,0,CASES
1929,23,WILMINGTON,DE,US,CITY,0,CASES
1929,24,WILMINGTON,DE,US,CITY,1,CASES
1929,25,WILMINGTON,DE,US,CITY,0,CASES
1929,26,WILMINGTON,DE,US,CITY,1,CASES
1929,27,WILMINGTON,DE,US,CITY,1,CASES
1929,28,WILMINGTON,DE,US,CITY,2,CASES
1929,29,WILMINGTON,DE,US,CITY,4,CASES
1929,30,WILMINGTON,DE,US,CITY,0,CASES
1929,31,WILMINGTON,DE,US,CITY,0,CASES
1929,32,WILMINGTON,DE,US,CITY,0,CASES
1929,33,WILMINGTON,DE,US,CITY,1,CASES
1929,34,WILMINGTON,DE,US,CITY,1,CASES
1929,35,WILMINGTON,DE,US,CITY,0,CASES
1929,36,WILMINGTON,DE,US,CITY,0,CASES
1929,37,WILMINGTON,DE,US,CITY,1,CASES
1929,38,WILMINGTON,DE,US,CITY,0,CASES
1929,39,WILMINGTON,DE,US,CITY,1,CASES
1929,40,WILMINGTON,DE,US,CITY,0,CASES
1929,41,WILMINGTON,DE,US,CITY,1,CASES
1929,42,WILMINGTON,DE,US,CITY,2,CASES
1929,43,WILMINGTON,DE,US,CITY,0,CASES
1929,44,WILMINGTON,DE,US,CITY,1,CASES
1929,45,WILMINGTON,DE,US,CITY,1,CASES
1929,46,WILMINGTON,DE,US,CITY,1,CASES
1929,47,WILMINGTON,DE,US,CITY,1,CASES
1929,49,WILMINGTON,DE,US,CITY,1,CASES
1929,50,WILMINGTON,DE,US,CITY,1,CASES
1929,51,WILMINGTON,DE,US,CITY,0,CASES
1929,52,WILMINGTON,DE,US,CITY,3,CASES
1930,1,WILMINGTON,DE,US,CITY,3,CASES
1930,2,WILMINGTON,DE,US,CITY,2,CASES
1930,3,WILMINGTON,DE,US,CITY,1,CASES
1930,4,WILMINGTON,DE,US,CITY,0,CASES
1930,5,WILMINGTON,DE,US,CITY,1,CASES
1930,6,WILMINGTON,DE,US,CITY,2,CASES
1930,7,WILMINGTON,DE,US,CITY,1,CASES
1930,8,WILMINGTON,DE,US,CITY,0,CASES
1930,9,WILMINGTON,DE,US,CITY,1,CASES
1930,10,WILMINGTON,DE,US,CITY,1,CASES
1930,11,WILMINGTON,DE,US,CITY,4,CASES
1930,12,WILMINGTON,DE,US,CITY,2,CASES
1930,13,WILMINGTON,DE,US,CITY,3,CASES
1930,14,WILMINGTON,DE,US,CITY,1,CASES
1930,15,WILMINGTON,DE,US,CITY,4,CASES
1930,16,WILMINGTON,DE,US,CITY,1,CASES
1930,17,WILMINGTON,DE,US,CITY,2,CASES
1930,18,WILMINGTON,DE,US,CITY,0,CASES
1930,19,WILMINGTON,DE,US,CITY,2,CASES
1930,21,WILMINGTON,DE,US,CITY,0,CASES
1930,22,WILMINGTON,DE,US,CITY,1,CASES
1930,23,WILMINGTON,DE,US,CITY,1,CASES
1930,24,WILMINGTON,DE,US,CITY,0,CASES
1930,25,WILMINGTON,DE,US,CITY,0,CASES
1930,26,WILMINGTON,DE,US,CITY,0,CASES
1930,27,WILMINGTON,DE,US,CITY,1,CASES
1930,28,WILMINGTON,DE,US,CITY,2,CASES
1930,29,WILMINGTON,DE,US,CITY,0,CASES
1930,30,WILMINGTON,DE,US,CITY,0,CASES
1930,31,WILMINGTON,DE,US,CITY,0,CASES
1930,32,WILMINGTON,DE,US,CITY,0,CASES
1930,33,WILMINGTON,DE,US,CITY,0,CASES
1930,34,WILMINGTON,DE,US,CITY,0,CASES
1930,35,WILMINGTON,DE,US,CITY,0,CASES
1930,36,WILMINGTON,DE,US,CITY,0,CASES
1930,37,WILMINGTON,DE,US,CITY,2,CASES
1930,38,WILMINGTON,DE,US,CITY,0,CASES
1930,39,WILMINGTON,DE,US,CITY,0,CASES
1930,40,WILMINGTON,DE,US,CITY,1,CASES
1930,41,WILMINGTON,DE,US,CITY,0,CASES
1930,42,WILMINGTON,DE,US,CITY,0,CASES
1930,43,WILMINGTON,DE,US,CITY,0,CASES
1930,44,WILMINGTON,DE,US,CITY,0,CASES
1930,45,WILMINGTON,DE,US,CITY,0,CASES
1930,46,WILMINGTON,DE,US,CITY,2,CASES
1930,47,WILMINGTON,DE,US,CITY,0,CASES
1930,48,WILMINGTON,DE,US,CITY,2,CASES
1930,49,WILMINGTON,DE,US,CITY,0,CASES
1930,50,WILMINGTON,DE,US,CITY,1,CASES
1930,51,WILMINGTON,DE,US,CITY,1,CASES
1930,52,WILMINGTON,DE,US,CITY,0,CASES
1930,53,WILMINGTON,DE,US,CITY,1,CASES
1931,1,WILMINGTON,DE,US,CITY,1,CASES
1931,2,WILMINGTON,DE,US,CITY,0,CASES
1931,3,WILMINGTON,DE,US,CITY,2,CASES
1931,4,WILMINGTON,DE,US,CITY,1,CASES
1931,5,WILMINGTON,DE,US,CITY,0,CASES
1931,6,WILMINGTON,DE,US,CITY,1,CASES
1931,7,WILMINGTON,DE,US,CITY,1,CASES
1931,8,WILMINGTON,DE,US,CITY,0,CASES
1931,9,WILMINGTON,DE,US,CITY,2,CASES
1931,10,WILMINGTON,DE,US,CITY,1,CASES
1931,11,WILMINGTON,DE,US,CITY,3,CASES
1931,12,WILMINGTON,DE,US,CITY,2,CASES
1931,13,WILMINGTON,DE,US,CITY,0,CASES
1931,14,WILMINGTON,DE,US,CITY,1,CASES
1931,15,WILMINGTON,DE,US,CITY,0,CASES
1931,16,WILMINGTON,DE,US,CITY,2,CASES
1931,17,WILMINGTON,DE,US,CITY,1,CASES
1931,18,WILMINGTON,DE,US,CITY,0,CASES
1931,19,WILMINGTON,DE,US,CITY,0,CASES
1931,20,WILMINGTON,DE,US,CITY,0,CASES
1931,21,WILMINGTON,DE,US,CITY,2,CASES
1931,22,WILMINGTON,DE,US,CITY,0,CASES
1931,23,WILMINGTON,DE,US,CITY,2,CASES
1931,24,WILMINGTON,DE,US,CITY,0,CASES
1931,25,WILMINGTON,DE,US,CITY,3,CASES
1931,26,WILMINGTON,DE,US,CITY,1,CASES
1931,27,WILMINGTON,DE,US,CITY,0,CASES
1931,28,WILMINGTON,DE,US,CITY,0,CASES
1931,29,WILMINGTON,DE,US,CITY,0,CASES
1931,30,WILMINGTON,DE,US,CITY,1,CASES
1931,31,WILMINGTON,DE,US,CITY,1,CASES
1931,32,WILMINGTON,DE,US,CITY,0,CASES
1931,33,WILMINGTON,DE,US,CITY,0,CASES
1931,34,WILMINGTON,DE,US,CITY,0,CASES
1931,35,WILMINGTON,DE,US,CITY,0,CASES
1931,36,WILMINGTON,DE,US,CITY,0,CASES
1931,37,WILMINGTON,DE,US,CITY,0,CASES
1931,38,WILMINGTON,DE,US,CITY,0,CASES
1931,39,WILMINGTON,DE,US,CITY,0,CASES
1931,40,WILMINGTON,DE,US,CITY,0,CASES
1931,41,WILMINGTON,DE,US,CITY,2,CASES
1931,42,WILMINGTON,DE,US,CITY,0,CASES
1931,43,WILMINGTON,DE,US,CITY,0,CASES
1931,44,WILMINGTON,DE,US,CITY,0,CASES
1931,45,WILMINGTON,DE,US,CITY,0,CASES
1931,46,WILMINGTON,DE,US,CITY,3,CASES
1931,47,WILMINGTON,DE,US,CITY,2,CASES
1931,48,WILMINGTON,DE,US,CITY,0,CASES
1931,49,WILMINGTON,DE,US,CITY,1,CASES
1931,50,WILMINGTON,DE,US,CITY,2,CASES
1931,51,WILMINGTON,DE,US,CITY,1,CASES
1931,52,WILMINGTON,DE,US,CITY,0,CASES
1932,1,WILMINGTON,DE,US,CITY,0,CASES
1932,2,WILMINGTON,DE,US,CITY,0,CASES
1932,3,WILMINGTON,DE,US,CITY,1,CASES
1932,4,WILMINGTON,DE,US,CITY,0,CASES
1932,5,WILMINGTON,DE,US,CITY,0,CASES
1932,6,WILMINGTON,DE,US,CITY,0,CASES
1932,7,WILMINGTON,DE,US,CITY,1,CASES
1932,8,WILMINGTON,DE,US,CITY,0,CASES
1932,9,WILMINGTON,DE,US,CITY,0,CASES
1932,10,WILMINGTON,DE,US,CITY,0,CASES
1932,11,WILMINGTON,DE,US,CITY,0,CASES
1932,12,WILMINGTON,DE,US,CITY,5,CASES
1932,13,WILMINGTON,DE,US,CITY,1,CASES
1932,14,WILMINGTON,DE,US,CITY,0,CASES
1932,15,WILMINGTON,DE,US,CITY,0,CASES
1932,16,WILMINGTON,DE,US,CITY,0,CASES
1932,17,WILMINGTON,DE,US,CITY,0,CASES
1932,18,WILMINGTON,DE,US,CITY,0,CASES
1932,19,WILMINGTON,DE,US,CITY,0,CASES
1932,20,WILMINGTON,DE,US,CITY,1,CASES
1932,21,WILMINGTON,DE,US,CITY,0,CASES
1932,22,WILMINGTON,DE,US,CITY,0,CASES
1932,23,WILMINGTON,DE,US,CITY,0,CASES
1932,24,WILMINGTON,DE,US,CITY,0,CASES
1932,25,WILMINGTON,DE,US,CITY,1,CASES
1932,26,WILMINGTON,DE,US,CITY,0,CASES
1932,27,WILMINGTON,DE,US,CITY,0,CASES
1932,28,WILMINGTON,DE,US,CITY,0,CASES
1932,29,WILMINGTON,DE,US,CITY,0,CASES
1932,30,WILMINGTON,DE,US,CITY,0,CASES
1932,31,WILMINGTON,DE,US,CITY,0,CASES
1932,32,WILMINGTON,DE,US,CITY,0,CASES
1932,33,WILMINGTON,DE,US,CITY,0,CASES
1932,34,WILMINGTON,DE,US,CITY,0,CASES
1932,35,WILMINGTON,DE,US,CITY,0,CASES
1932,36,WILMINGTON,DE,US,CITY,0,CASES
1932,37,WILMINGTON,DE,US,CITY,0,CASES
1932,38,WILMINGTON,DE,US,CITY,1,CASES
1932,39,WILMINGTON,DE,US,CITY,0,CASES
1932,40,WILMINGTON,DE,US,CITY,0,CASES
1932,41,WILMINGTON,DE,US,CITY,1,CASES
1932,42,WILMINGTON,DE,US,CITY,0,CASES
1932,43,WILMINGTON,DE,US,CITY,0,CASES
1932,44,WILMINGTON,DE,US,CITY,0,CASES
1932,45,WILMINGTON,DE,US,CITY,1,CASES
1932,46,WILMINGTON,DE,US,CITY,0,CASES
1932,47,WILMINGTON,DE,US,CITY,0,CASES
1932,48,WILMINGTON,DE,US,CITY,0,CASES
1932,49,WILMINGTON,DE,US,CITY,0,CASES
1932,50,WILMINGTON,DE,US,CITY,1,CASES
1932,51,WILMINGTON,DE,US,CITY,0,CASES
1932,52,WILMINGTON,DE,US,CITY,2,CASES
1933,1,WILMINGTON,DE,US,CITY,1,CASES
1933,2,WILMINGTON,DE,US,CITY,4,CASES
1933,3,WILMINGTON,DE,US,CITY,0,CASES
1933,4,WILMINGTON,DE,US,CITY,0,CASES
1933,5,WILMINGTON,DE,US,CITY,1,CASES
1933,6,WILMINGTON,DE,US,CITY,0,CASES
1933,7,WILMINGTON,DE,US,CITY,3,CASES
1933,8,WILMINGTON,DE,US,CITY,2,CASES
1933,9,WILMINGTON,DE,US,CITY,1,CASES
1933,10,WILMINGTON,DE,US,CITY,0,CASES
1933,11,WILMINGTON,DE,US,CITY,2,CASES
1933,12,WILMINGTON,DE,US,CITY,0,CASES
1933,13,WILMINGTON,DE,US,CITY,1,CASES
1933,14,WILMINGTON,DE,US,CITY,0,CASES
1933,15,WILMINGTON,DE,US,CITY,0,CASES
1933,16,WILMINGTON,DE,US,CITY,1,CASES
1933,17,WILMINGTON,DE,US,CITY,0,CASES
1933,18,WILMINGTON,DE,US,CITY,0,CASES
1933,19,WILMINGTON,DE,US,CITY,0,CASES
1933,20,WILMINGTON,DE,US,CITY,0,CASES
1933,21,WILMINGTON,DE,US,CITY,1,CASES
1933,22,WILMINGTON,DE,US,CITY,0,CASES
1933,23,WILMINGTON,DE,US,CITY,0,CASES
1933,24,WILMINGTON,DE,US,CITY,0,CASES
1933,25,WILMINGTON,DE,US,CITY,0,CASES
1933,26,WILMINGTON,DE,US,CITY,1,CASES
1933,27,WILMINGTON,DE,US,CITY,0,CASES
1933,28,WILMINGTON,DE,US,CITY,0,CASES
1933,29,WILMINGTON,DE,US,CITY,0,CASES
1933,30,WILMINGTON,DE,US,CITY,0,CASES
1933,31,WILMINGTON,DE,US,CITY,0,CASES
1933,32,WILMINGTON,DE,US,CITY,1,CASES
1933,33,WILMINGTON,DE,US,CITY,1,CASES
1933,34,WILMINGTON,DE,US,CITY,0,CASES
1933,35,WILMINGTON,DE,US,CITY,1,CASES
1933,36,WILMINGTON,DE,US,CITY,0,CASES
1933,37,WILMINGTON,DE,US,CITY,1,CASES
1933,38,WILMINGTON,DE,US,CITY,0,CASES
1933,39,WILMINGTON,DE,US,CITY,1,CASES
1933,40,WILMINGTON,DE,US,CITY,0,CASES
1933,41,WILMINGTON,DE,US,CITY,0,CASES
1933,42,WILMINGTON,DE,US,CITY,1,CASES
1933,43,WILMINGTON,DE,US,CITY,1,CASES
1933,44,WILMINGTON,DE,US,CITY,0,CASES
1933,45,WILMINGTON,DE,US,CITY,0,CASES
1933,46,WILMINGTON,DE,US,CITY,1,CASES
1933,47,WILMINGTON,DE,US,CITY,1,CASES
1933,48,WILMINGTON,DE,US,CITY,0,CASES
1933,50,WILMINGTON,DE,US,CITY,1,CASES
1933,51,WILMINGTON,DE,US,CITY,0,CASES
1933,52,WILMINGTON,DE,US,CITY,3,CASES
1934,1,WILMINGTON,DE,US,CITY,2,CASES
1934,2,WILMINGTON,DE,US,CITY,2,CASES
1934,3,WILMINGTON,DE,US,CITY,0,CASES
1934,4,WILMINGTON,DE,US,CITY,0,CASES
1934,5,WILMINGTON,DE,US,CITY,3,CASES
1934,6,WILMINGTON,DE,US,CITY,1,CASES
1934,7,WILMINGTON,DE,US,CITY,0,CASES
1934,8,WILMINGTON,DE,US,CITY,2,CASES
1934,9,WILMINGTON,DE,US,CITY,1,CASES
1934,10,WILMINGTON,DE,US,CITY,0,CASES
1934,11,WILMINGTON,DE,US,CITY,1,CASES
1934,12,WILMINGTON,DE,US,CITY,0,CASES
1934,13,WILMINGTON,DE,US,CITY,1,CASES
1934,14,WILMINGTON,DE,US,CITY,1,CASES
1934,15,WILMINGTON,DE,US,CITY,1,CASES
1934,16,WILMINGTON,DE,US,CITY,0,CASES
1934,17,WILMINGTON,DE,US,CITY,0,CASES
1934,18,WILMINGTON,DE,US,CITY,0,CASES
1934,19,WILMINGTON,DE,US,CITY,0,CASES
1934,20,WILMINGTON,DE,US,CITY,0,CASES
1934,21,WILMINGTON,DE,US,CITY,0,CASES
1934,22,WILMINGTON,DE,US,CITY,0,CASES
1934,23,WILMINGTON,DE,US,CITY,2,CASES
1934,24,WILMINGTON,DE,US,CITY,2,CASES
1934,25,WILMINGTON,DE,US,CITY,0,CASES
1934,26,WILMINGTON,DE,US,CITY,0,CASES
1934,27,WILMINGTON,DE,US,CITY,0,CASES
1934,28,WILMINGTON,DE,US,CITY,0,CASES
1934,29,WILMINGTON,DE,US,CITY,0,CASES
1934,30,WILMINGTON,DE,US,CITY,0,CASES
1934,32,WILMINGTON,DE,US,CITY,0,CASES
1934,33,WILMINGTON,DE,US,CITY,1,CASES
1934,34,WILMINGTON,DE,US,CITY,0,CASES
1934,35,WILMINGTON,DE,US,CITY,1,CASES
1934,36,WILMINGTON,DE,US,CITY,0,CASES
1934,37,WILMINGTON,DE,US,CITY,1,CASES
1934,38,WILMINGTON,DE,US,CITY,0,CASES
1934,39,WILMINGTON,DE,US,CITY,0,CASES
1934,40,WILMINGTON,DE,US,CITY,1,CASES
1934,41,WILMINGTON,DE,US,CITY,0,CASES
1934,42,WILMINGTON,DE,US,CITY,1,CASES
1934,43,WILMINGTON,DE,US,CITY,4,CASES
1934,44,WILMINGTON,DE,US,CITY,1,CASES
1934,45,WILMINGTON,DE,US,CITY,2,CASES
1934,46,WILMINGTON,DE,US,CITY,1,CASES
1934,47,WILMINGTON,DE,US,CITY,0,CASES
1934,48,WILMINGTON,DE,US,CITY,0,CASES
1934,49,WILMINGTON,DE,US,CITY,0,CASES
1934,50,WILMINGTON,DE,US,CITY,1,CASES
1934,51,WILMINGTON,DE,US,CITY,0,CASES
1934,52,WILMINGTON,DE,US,CITY,1,CASES
1935,2,WILMINGTON,DE,US,CITY,0,CASES
1935,4,WILMINGTON,DE,US,CITY,0,CASES
1935,5,WILMINGTON,DE,US,CITY,1,CASES
1935,6,WILMINGTON,DE,US,CITY,4,CASES
1935,7,WILMINGTON,DE,US,CITY,1,CASES
1935,8,WILMINGTON,DE,US,CITY,0,CASES
1935,9,WILMINGTON,DE,US,CITY,0,CASES
1935,10,WILMINGTON,DE,US,CITY,0,CASES
1935,11,WILMINGTON,DE,US,CITY,0,CASES
1935,12,WILMINGTON,DE,US,CITY,0,CASES
1935,13,WILMINGTON,DE,US,CITY,0,CASES
1935,14,WILMINGTON,DE,US,CITY,2,CASES
1935,15,WILMINGTON,DE,US,CITY,0,CASES
1935,16,WILMINGTON,DE,US,CITY,0,CASES
1935,17,WILMINGTON,DE,US,CITY,0,CASES
1935,18,WILMINGTON,DE,US,CITY,1,CASES
1935,19,WILMINGTON,DE,US,CITY,0,CASES
1935,20,WILMINGTON,DE,US,CITY,2,CASES
1935,21,WILMINGTON,DE,US,CITY,1,CASES
1935,22,WILMINGTON,DE,US,CITY,2,CASES
1935,23,WILMINGTON,DE,US,CITY,2,CASES
1935,24,WILMINGTON,DE,US,CITY,1,CASES
1935,25,WILMINGTON,DE,US,CITY,1,CASES
1935,26,WILMINGTON,DE,US,CITY,1,CASES
1935,27,WILMINGTON,DE,US,CITY,0,CASES
1935,28,WILMINGTON,DE,US,CITY,2,CASES
1935,29,WILMINGTON,DE,US,CITY,0,CASES
1935,30,WILMINGTON,DE,US,CITY,2,CASES
1935,31,WILMINGTON,DE,US,CITY,1,CASES
1935,32,WILMINGTON,DE,US,CITY,0,CASES
1935,33,WILMINGTON,DE,US,CITY,0,CASES
1935,35,WILMINGTON,DE,US,CITY,0,CASES
1935,36,WILMINGTON,DE,US,CITY,1,CASES
1935,37,WILMINGTON,DE,US,CITY,0,CASES
1935,38,WILMINGTON,DE,US,CITY,2,CASES
1935,39,WILMINGTON,DE,US,CITY,0,CASES
1935,40,WILMINGTON,DE,US,CITY,0,CASES
1935,41,WILMINGTON,DE,US,CITY,0,CASES
1935,42,WILMINGTON,DE,US,CITY,1,CASES
1935,43,WILMINGTON,DE,US,CITY,0,CASES
1935,44,WILMINGTON,DE,US,CITY,0,CASES
1935,45,WILMINGTON,DE,US,CITY,0,CASES
1935,46,WILMINGTON,DE,US,CITY,0,CASES
1935,47,WILMINGTON,DE,US,CITY,1,CASES
1935,48,WILMINGTON,DE,US,CITY,1,CASES
1935,49,WILMINGTON,DE,US,CITY,0,CASES
1935,50,WILMINGTON,DE,US,CITY,0,CASES
1935,51,WILMINGTON,DE,US,CITY,0,CASES
1935,52,WILMINGTON,DE,US,CITY,1,CASES
1936,1,WILMINGTON,DE,US,CITY,1,CASES
1936,2,WILMINGTON,DE,US,CITY,0,CASES
1936,3,WILMINGTON,DE,US,CITY,0,CASES
1936,4,WILMINGTON,DE,US,CITY,0,CASES
1936,5,WILMINGTON,DE,US,CITY,1,CASES
1936,6,WILMINGTON,DE,US,CITY,0,CASES
1936,7,WILMINGTON,DE,US,CITY,0,CASES
1936,8,WILMINGTON,DE,US,CITY,0,CASES
1936,9,WILMINGTON,DE,US,CITY,0,CASES
1936,10,WILMINGTON,DE,US,CITY,3,CASES
1936,11,WILMINGTON,DE,US,CITY,0,CASES
1936,12,WILMINGTON,DE,US,CITY,0,CASES
1936,13,WILMINGTON,DE,US,CITY,0,CASES
1936,14,WILMINGTON,DE,US,CITY,5,CASES
1936,15,WILMINGTON,DE,US,CITY,0,CASES
1936,17,WILMINGTON,DE,US,CITY,0,CASES
1936,18,WILMINGTON,DE,US,CITY,0,CASES
1936,19,WILMINGTON,DE,US,CITY,1,CASES
1936,20,WILMINGTON,DE,US,CITY,0,CASES
1936,21,WILMINGTON,DE,US,CITY,0,CASES
1936,22,WILMINGTON,DE,US,CITY,0,CASES
1936,23,WILMINGTON,DE,US,CITY,0,CASES
1936,24,WILMINGTON,DE,US,CITY,0,CASES
1936,25,WILMINGTON,DE,US,CITY,0,CASES
1936,26,WILMINGTON,DE,US,CITY,0,CASES
1936,27,WILMINGTON,DE,US,CITY,4,CASES
1936,28,WILMINGTON,DE,US,CITY,0,CASES
1936,29,WILMINGTON,DE,US,CITY,0,CASES
1936,30,WILMINGTON,DE,US,CITY,0,CASES
1936,31,WILMINGTON,DE,US,CITY,0,CASES
1936,32,WILMINGTON,DE,US,CITY,0,CASES
1936,33,WILMINGTON,DE,US,CITY,0,CASES
1936,35,WILMINGTON,DE,US,CITY,0,CASES
1936,36,WILMINGTON,DE,US,CITY,0,CASES
1936,37,WILMINGTON,DE,US,CITY,0,CASES
1936,38,WILMINGTON,DE,US,CITY,0,CASES
1936,39,WILMINGTON,DE,US,CITY,0,CASES
1936,40,WILMINGTON,DE,US,CITY,0,CASES
1936,41,WILMINGTON,DE,US,CITY,1,CASES
1936,42,WILMINGTON,DE,US,CITY,0,CASES
1936,43,WILMINGTON,DE,US,CITY,0,CASES
1936,44,WILMINGTON,DE,US,CITY,0,CASES
1936,45,WILMINGTON,DE,US,CITY,1,CASES
1936,46,WILMINGTON,DE,US,CITY,0,CASES
1936,47,WILMINGTON,DE,US,CITY,0,CASES
1936,48,WILMINGTON,DE,US,CITY,0,CASES
1936,49,WILMINGTON,DE,US,CITY,0,CASES
1936,50,WILMINGTON,DE,US,CITY,0,CASES
1936,51,WILMINGTON,DE,US,CITY,0,CASES
1936,52,WILMINGTON,DE,US,CITY,1,CASES
1936,53,WILMINGTON,DE,US,CITY,0,CASES
1937,1,WILMINGTON,DE,US,CITY,1,CASES
1937,2,WILMINGTON,DE,US,CITY,3,CASES
1937,3,WILMINGTON,DE,US,CITY,0,CASES
1937,4,WILMINGTON,DE,US,CITY,1,CASES
1937,5,WILMINGTON,DE,US,CITY,0,CASES
1937,6,WILMINGTON,DE,US,CITY,0,CASES
1937,7,WILMINGTON,DE,US,CITY,0,CASES
1937,8,WILMINGTON,DE,US,CITY,1,CASES
1937,9,WILMINGTON,DE,US,CITY,0,CASES
1937,10,WILMINGTON,DE,US,CITY,0,CASES
1937,11,WILMINGTON,DE,US,CITY,0,CASES
1937,12,WILMINGTON,DE,US,CITY,0,CASES
1937,13,WILMINGTON,DE,US,CITY,5,CASES
1937,14,WILMINGTON,DE,US,CITY,2,CASES
1937,15,WILMINGTON,DE,US,CITY,2,CASES
1937,16,WILMINGTON,DE,US,CITY,1,CASES
1937,17,WILMINGTON,DE,US,CITY,0,CASES
1937,18,WILMINGTON,DE,US,CITY,0,CASES
1937,19,WILMINGTON,DE,US,CITY,0,CASES
1937,20,WILMINGTON,DE,US,CITY,0,CASES
1937,21,WILMINGTON,DE,US,CITY,0,CASES
1937,22,WILMINGTON,DE,US,CITY,0,CASES
1937,23,WILMINGTON,DE,US,CITY,0,CASES
1937,24,WILMINGTON,DE,US,CITY,0,CASES
1937,25,WILMINGTON,DE,US,CITY,0,CASES
1937,26,WILMINGTON,DE,US,CITY,0,CASES
1937,27,WILMINGTON,DE,US,CITY,0,CASES
1937,28,WILMINGTON,DE,US,CITY,0,CASES
1937,29,WILMINGTON,DE,US,CITY,0,CASES
1937,30,WILMINGTON,DE,US,CITY,0,CASES
1937,31,WILMINGTON,DE,US,CITY,0,CASES
1937,32,WILMINGTON,DE,US,CITY,0,CASES
1937,33,WILMINGTON,DE,US,CITY,0,CASES
1937,34,WILMINGTON,DE,US,CITY,0,CASES
1937,35,WILMINGTON,DE,US,CITY,0,CASES
1937,36,WILMINGTON,DE,US,CITY,0,CASES
1937,37,WILMINGTON,DE,US,CITY,0,CASES
1937,38,WILMINGTON,DE,US,CITY,0,CASES
1937,39,WILMINGTON,DE,US,CITY,0,CASES
1937,40,WILMINGTON,DE,US,CITY,0,CASES
1937,41,WILMINGTON,DE,US,CITY,1,CASES
1937,42,WILMINGTON,DE,US,CITY,2,CASES
1937,43,WILMINGTON,DE,US,CITY,0,CASES
1937,44,WILMINGTON,DE,US,CITY,0,CASES
1937,45,WILMINGTON,DE,US,CITY,0,CASES
1937,46,WILMINGTON,DE,US,CITY,0,CASES
1937,47,WILMINGTON,DE,US,CITY,0,CASES
1937,48,WILMINGTON,DE,US,CITY,0,CASES
1937,49,WILMINGTON,DE,US,CITY,1,CASES
1937,50,WILMINGTON,DE,US,CITY,0,CASES
1937,51,WILMINGTON,DE,US,CITY,0,CASES
1937,52,WILMINGTON,DE,US,CITY,0,CASES
1938,1,WILMINGTON,DE,US,CITY,0,CASES
1938,2,WILMINGTON,DE,US,CITY,2,CASES
1938,3,WILMINGTON,DE,US,CITY,0,CASES
1938,4,WILMINGTON,DE,US,CITY,1,CASES
1938,5,WILMINGTON,DE,US,CITY,0,CASES
1938,6,WILMINGTON,DE,US,CITY,0,CASES
1938,7,WILMINGTON,DE,US,CITY,0,CASES
1938,8,WILMINGTON,DE,US,CITY,0,CASES
1938,9,WILMINGTON,DE,US,CITY,1,CASES
1938,10,WILMINGTON,DE,US,CITY,0,CASES
1938,11,WILMINGTON,DE,US,CITY,3,CASES
1938,12,WILMINGTON,DE,US,CITY,0,CASES
1938,13,WILMINGTON,DE,US,CITY,0,CASES
1938,14,WILMINGTON,DE,US,CITY,0,CASES
1938,15,WILMINGTON,DE,US,CITY,2,CASES
1938,16,WILMINGTON,DE,US,CITY,0,CASES
1938,17,WILMINGTON,DE,US,CITY,2,CASES
1938,18,WILMINGTON,DE,US,CITY,0,CASES
1938,19,WILMINGTON,DE,US,CITY,1,CASES
1938,20,WILMINGTON,DE,US,CITY,2,CASES
1938,21,WILMINGTON,DE,US,CITY,1,CASES
1938,22,WILMINGTON,DE,US,CITY,0,CASES
1938,23,WILMINGTON,DE,US,CITY,1,CASES
1938,24,WILMINGTON,DE,US,CITY,1,CASES
1938,25,WILMINGTON,DE,US,CITY,0,CASES
1938,26,WILMINGTON,DE,US,CITY,0,CASES
1938,27,WILMINGTON,DE,US,CITY,1,CASES
1938,28,WILMINGTON,DE,US,CITY,1,CASES
1938,29,WILMINGTON,DE,US,CITY,0,CASES
1938,30,WILMINGTON,DE,US,CITY,0,CASES
1938,31,WILMINGTON,DE,US,CITY,0,CASES
1938,32,WILMINGTON,DE,US,CITY,0,CASES
1938,33,WILMINGTON,DE,US,CITY,0,CASES
1938,34,WILMINGTON,DE,US,CITY,1,CASES
1938,35,WILMINGTON,DE,US,CITY,1,CASES
1938,36,WILMINGTON,DE,US,CITY,1,CASES
1938,37,WILMINGTON,DE,US,CITY,0,CASES
1938,38,WILMINGTON,DE,US,CITY,0,CASES
1938,39,WILMINGTON,DE,US,CITY,3,CASES
1938,40,WILMINGTON,DE,US,CITY,1,CASES
1938,41,WILMINGTON,DE,US,CITY,0,CASES
1938,42,WILMINGTON,DE,US,CITY,1,CASES
1938,43,WILMINGTON,DE,US,CITY,1,CASES
1938,44,WILMINGTON,DE,US,CITY,2,CASES
1938,45,WILMINGTON,DE,US,CITY,0,CASES
1938,46,WILMINGTON,DE,US,CITY,0,CASES
1938,47,WILMINGTON,DE,US,CITY,0,CASES
1938,48,WILMINGTON,DE,US,CITY,3,CASES
1938,49,WILMINGTON,DE,US,CITY,1,CASES
1938,50,WILMINGTON,DE,US,CITY,0,CASES
1938,51,WILMINGTON,DE,US,CITY,0,CASES
1938,52,WILMINGTON,DE,US,CITY,0,CASES
1939,1,WILMINGTON,DE,US,CITY,1,CASES
1939,2,WILMINGTON,DE,US,CITY,2,CASES
1939,3,WILMINGTON,DE,US,CITY,3,CASES
1939,4,WILMINGTON,DE,US,CITY,3,CASES
1939,5,WILMINGTON,DE,US,CITY,0,CASES
1939,6,WILMINGTON,DE,US,CITY,1,CASES
1939,7,WILMINGTON,DE,US,CITY,2,CASES
1939,8,WILMINGTON,DE,US,CITY,1,CASES
1939,9,WILMINGTON,DE,US,CITY,2,CASES
1939,10,WILMINGTON,DE,US,CITY,1,CASES
1939,11,WILMINGTON,DE,US,CITY,1,CASES
1939,12,WILMINGTON,DE,US,CITY,0,CASES
1939,13,WILMINGTON,DE,US,CITY,0,CASES
1939,14,WILMINGTON,DE,US,CITY,0,CASES
1939,15,WILMINGTON,DE,US,CITY,0,CASES
1939,16,WILMINGTON,DE,US,CITY,0,CASES
1939,17,WILMINGTON,DE,US,CITY,0,CASES
1939,18,WILMINGTON,DE,US,CITY,0,CASES
1939,19,WILMINGTON,DE,US,CITY,0,CASES
1939,20,WILMINGTON,DE,US,CITY,1,CASES
1939,21,WILMINGTON,DE,US,CITY,0,CASES
1939,22,WILMINGTON,DE,US,CITY,0,CASES
1939,23,WILMINGTON,DE,US,CITY,0,CASES
1939,24,WILMINGTON,DE,US,CITY,0,CASES
1939,25,WILMINGTON,DE,US,CITY,0,CASES
1939,26,WILMINGTON,DE,US,CITY,0,CASES
1939,27,WILMINGTON,DE,US,CITY,0,CASES
1939,28,WILMINGTON,DE,US,CITY,0,CASES
1939,29,WILMINGTON,DE,US,CITY,0,CASES
1939,30,WILMINGTON,DE,US,CITY,0,CASES
1939,31,WILMINGTON,DE,US,CITY,0,CASES
1939,32,WILMINGTON,DE,US,CITY,0,CASES
1939,33,WILMINGTON,DE,US,CITY,0,CASES
1939,34,WILMINGTON,DE,US,CITY,0,CASES
1939,35,WILMINGTON,DE,US,CITY,0,CASES
1939,36,WILMINGTON,DE,US,CITY,0,CASES
1939,37,WILMINGTON,DE,US,CITY,0,CASES
1939,38,WILMINGTON,DE,US,CITY,1,CASES
1939,39,WILMINGTON,DE,US,CITY,0,CASES
1939,40,WILMINGTON,DE,US,CITY,0,CASES
1939,42,WILMINGTON,DE,US,CITY,0,CASES
1939,42,WILMINGTON,DE,US,CITY,0,CASES
1939,43,WILMINGTON,DE,US,CITY,0,CASES
1939,44,WILMINGTON,DE,US,CITY,0,CASES
1939,45,WILMINGTON,DE,US,CITY,0,CASES
1939,46,WILMINGTON,DE,US,CITY,1,CASES
1939,47,WILMINGTON,DE,US,CITY,1,CASES
1939,48,WILMINGTON,DE,US,CITY,1,CASES
1939,49,WILMINGTON,DE,US,CITY,1,CASES
1939,50,WILMINGTON,DE,US,CITY,1,CASES
1939,51,WILMINGTON,DE,US,CITY,0,CASES
1939,52,WILMINGTON,DE,US,CITY,0,CASES
1940,1,WILMINGTON,DE,US,CITY,0,CASES
1940,2,WILMINGTON,DE,US,CITY,0,CASES
1940,3,WILMINGTON,DE,US,CITY,0,CASES
1940,4,WILMINGTON,DE,US,CITY,0,CASES
1940,5,WILMINGTON,DE,US,CITY,0,CASES
1940,6,WILMINGTON,DE,US,CITY,0,CASES
1940,7,WILMINGTON,DE,US,CITY,0,CASES
1940,8,WILMINGTON,DE,US,CITY,0,CASES
1940,9,WILMINGTON,DE,US,CITY,0,CASES
1940,10,WILMINGTON,DE,US,CITY,0,CASES
1940,11,WILMINGTON,DE,US,CITY,0,CASES
1940,12,WILMINGTON,DE,US,CITY,0,CASES
1940,13,WILMINGTON,DE,US,CITY,0,CASES
1940,14,WILMINGTON,DE,US,CITY,1,CASES
1940,15,WILMINGTON,DE,US,CITY,0,CASES
1940,16,WILMINGTON,DE,US,CITY,0,CASES
1940,17,WILMINGTON,DE,US,CITY,0,CASES
1940,18,WILMINGTON,DE,US,CITY,0,CASES
1940,19,WILMINGTON,DE,US,CITY,0,CASES
1940,20,WILMINGTON,DE,US,CITY,0,CASES
1940,21,WILMINGTON,DE,US,CITY,1,CASES
1940,22,WILMINGTON,DE,US,CITY,0,CASES
1940,23,WILMINGTON,DE,US,CITY,0,CASES
1940,24,WILMINGTON,DE,US,CITY,0,CASES
1940,25,WILMINGTON,DE,US,CITY,0,CASES
1940,26,WILMINGTON,DE,US,CITY,0,CASES
1940,27,WILMINGTON,DE,US,CITY,0,CASES
1940,28,WILMINGTON,DE,US,CITY,0,CASES
1940,29,WILMINGTON,DE,US,CITY,0,CASES
1940,30,WILMINGTON,DE,US,CITY,0,CASES
1940,31,WILMINGTON,DE,US,CITY,0,CASES
1940,32,WILMINGTON,DE,US,CITY,0,CASES
1940,33,WILMINGTON,DE,US,CITY,0,CASES
1940,34,WILMINGTON,DE,US,CITY,0,CASES
1940,35,WILMINGTON,DE,US,CITY,0,CASES
1940,36,WILMINGTON,DE,US,CITY,0,CASES
1940,37,WILMINGTON,DE,US,CITY,0,CASES
1940,38,WILMINGTON,DE,US,CITY,0,CASES
1940,39,WILMINGTON,DE,US,CITY,0,CASES
1940,40,WILMINGTON,DE,US,CITY,0,CASES
1940,41,WILMINGTON,DE,US,CITY,0,CASES
1940,42,WILMINGTON,DE,US,CITY,1,CASES
1940,43,WILMINGTON,DE,US,CITY,0,CASES
1940,44,WILMINGTON,DE,US,CITY,0,CASES
1940,45,WILMINGTON,DE,US,CITY,0,CASES
1940,46,WILMINGTON,DE,US,CITY,0,CASES
1940,47,WILMINGTON,DE,US,CITY,0,CASES
1940,48,WILMINGTON,DE,US,CITY,0,CASES
1940,49,WILMINGTON,DE,US,CITY,0,CASES
1940,50,WILMINGTON,DE,US,CITY,0,CASES
1940,51,WILMINGTON,DE,US,CITY,2,CASES
1940,52,WILMINGTON,DE,US,CITY,0,CASES
1941,1,WILMINGTON,DE,US,CITY,0,CASES
1941,2,WILMINGTON,DE,US,CITY,0,CASES
1941,3,WILMINGTON,DE,US,CITY,0,CASES
1941,4,WILMINGTON,DE,US,CITY,0,CASES
1941,5,WILMINGTON,DE,US,CITY,2,CASES
1941,5,WILMINGTON,DE,US,CITY,2,CASES
1941,7,WILMINGTON,DE,US,CITY,0,CASES
1941,8,WILMINGTON,DE,US,CITY,0,CASES
1941,9,WILMINGTON,DE,US,CITY,0,CASES
1941,10,WILMINGTON,DE,US,CITY,1,CASES
1941,11,WILMINGTON,DE,US,CITY,0,CASES
1941,12,WILMINGTON,DE,US,CITY,0,CASES
1941,13,WILMINGTON,DE,US,CITY,0,CASES
1941,14,WILMINGTON,DE,US,CITY,0,CASES
1941,15,WILMINGTON,DE,US,CITY,0,CASES
1941,16,WILMINGTON,DE,US,CITY,0,CASES
1941,17,WILMINGTON,DE,US,CITY,0,CASES
1941,18,WILMINGTON,DE,US,CITY,0,CASES
1941,19,WILMINGTON,DE,US,CITY,0,CASES
1941,20,WILMINGTON,DE,US,CITY,0,CASES
1941,21,WILMINGTON,DE,US,CITY,0,CASES
1941,22,WILMINGTON,DE,US,CITY,0,CASES
1941,23,WILMINGTON,DE,US,CITY,0,CASES
1941,24,WILMINGTON,DE,US,CITY,0,CASES
1941,25,WILMINGTON,DE,US,CITY,0,CASES
1941,26,WILMINGTON,DE,US,CITY,0,CASES
1941,27,WILMINGTON,DE,US,CITY,0,CASES
1941,28,WILMINGTON,DE,US,CITY,0,CASES
1941,29,WILMINGTON,DE,US,CITY,0,CASES
1941,30,WILMINGTON,DE,US,CITY,0,CASES
1941,31,WILMINGTON,DE,US,CITY,0,CASES
1941,32,WILMINGTON,DE,US,CITY,0,CASES
1941,33,WILMINGTON,DE,US,CITY,0,CASES
1941,34,WILMINGTON,DE,US,CITY,0,CASES
1941,35,WILMINGTON,DE,US,CITY,0,CASES
1941,36,WILMINGTON,DE,US,CITY,0,CASES
1941,37,WILMINGTON,DE,US,CITY,0,CASES
1941,38,WILMINGTON,DE,US,CITY,0,CASES
1941,39,WILMINGTON,DE,US,CITY,0,CASES
1941,40,WILMINGTON,DE,US,CITY,0,CASES
1941,41,WILMINGTON,DE,US,CITY,0,CASES
1941,42,WILMINGTON,DE,US,CITY,1,CASES
1941,43,WILMINGTON,DE,US,CITY,1,CASES
1941,44,WILMINGTON,DE,US,CITY,1,CASES
1941,45,WILMINGTON,DE,US,CITY,0,CASES
1941,46,WILMINGTON,DE,US,CITY,0,CASES
1941,47,WILMINGTON,DE,US,CITY,1,CASES
1941,48,WILMINGTON,DE,US,CITY,0,CASES
1941,49,WILMINGTON,DE,US,CITY,0,CASES
1941,50,WILMINGTON,DE,US,CITY,1,CASES
1941,52,WILMINGTON,DE,US,CITY,0,CASES
1941,53,WILMINGTON,DE,US,CITY,0,CASES
1942,1,WILMINGTON,DE,US,CITY,1,CASES
1942,2,WILMINGTON,DE,US,CITY,2,CASES
1942,3,WILMINGTON,DE,US,CITY,1,CASES
1942,4,WILMINGTON,DE,US,CITY,0,CASES
1942,5,WILMINGTON,DE,US,CITY,0,CASES
1942,7,WILMINGTON,DE,US,CITY,1,CASES
1942,8,WILMINGTON,DE,US,CITY,5,CASES
1942,9,WILMINGTON,DE,US,CITY,0,CASES
1942,10,WILMINGTON,DE,US,CITY,0,CASES
1942,11,WILMINGTON,DE,US,CITY,1,CASES
1942,12,WILMINGTON,DE,US,CITY,0,CASES
1942,13,WILMINGTON,DE,US,CITY,0,CASES
1942,14,WILMINGTON,DE,US,CITY,0,CASES
1942,15,WILMINGTON,DE,US,CITY,0,CASES
1942,16,WILMINGTON,DE,US,CITY,0,CASES
1942,17,WILMINGTON,DE,US,CITY,0,CASES
1942,18,WILMINGTON,DE,US,CITY,0,CASES
1942,19,WILMINGTON,DE,US,CITY,0,CASES
1942,20,WILMINGTON,DE,US,CITY,0,CASES
1942,21,WILMINGTON,DE,US,CITY,0,CASES
1942,22,WILMINGTON,DE,US,CITY,0,CASES
1942,23,WILMINGTON,DE,US,CITY,0,CASES
1942,24,WILMINGTON,DE,US,CITY,0,CASES
1942,25,WILMINGTON,DE,US,CITY,0,CASES
1942,26,WILMINGTON,DE,US,CITY,0,CASES
1942,27,WILMINGTON,DE,US,CITY,0,CASES
1942,28,WILMINGTON,DE,US,CITY,0,CASES
1942,29,WILMINGTON,DE,US,CITY,0,CASES
1942,30,WILMINGTON,DE,US,CITY,0,CASES
1942,31,WILMINGTON,DE,US,CITY,2,CASES
1942,32,WILMINGTON,DE,US,CITY,0,CASES
1942,33,WILMINGTON,DE,US,CITY,0,CASES
1942,34,WILMINGTON,DE,US,CITY,0,CASES
1942,35,WILMINGTON,DE,US,CITY,0,CASES
1942,36,WILMINGTON,DE,US,CITY,0,CASES
1942,37,WILMINGTON,DE,US,CITY,0,CASES
1942,38,WILMINGTON,DE,US,CITY,0,CASES
1942,39,WILMINGTON,DE,US,CITY,0,CASES
1942,40,WILMINGTON,DE,US,CITY,1,CASES
1942,41,WILMINGTON,DE,US,CITY,0,CASES
1942,42,WILMINGTON,DE,US,CITY,0,CASES
1942,43,WILMINGTON,DE,US,CITY,0,CASES
1942,44,WILMINGTON,DE,US,CITY,0,CASES
1942,45,WILMINGTON,DE,US,CITY,0,CASES
1942,46,WILMINGTON,DE,US,CITY,0,CASES
1942,47,WILMINGTON,DE,US,CITY,0,CASES
1942,48,WILMINGTON,DE,US,CITY,0,CASES
1942,49,WILMINGTON,DE,US,CITY,0,CASES
1942,50,WILMINGTON,DE,US,CITY,0,CASES
1942,51,WILMINGTON,DE,US,CITY,0,CASES
1942,52,WILMINGTON,DE,US,CITY,0,CASES
1943,1,WILMINGTON,DE,US,CITY,0,CASES
1943,2,WILMINGTON,DE,US,CITY,0,CASES
1943,3,WILMINGTON,DE,US,CITY,0,CASES
1943,4,WILMINGTON,DE,US,CITY,0,CASES
1943,5,WILMINGTON,DE,US,CITY,0,CASES
1943,6,WILMINGTON,DE,US,CITY,0,CASES
1943,7,WILMINGTON,DE,US,CITY,0,CASES
1943,8,WILMINGTON,DE,US,CITY,0,CASES
1943,9,WILMINGTON,DE,US,CITY,0,CASES
1943,10,WILMINGTON,DE,US,CITY,0,CASES
1943,11,WILMINGTON,DE,US,CITY,2,CASES
1943,12,WILMINGTON,DE,US,CITY,0,CASES
1943,13,WILMINGTON,DE,US,CITY,0,CASES
1943,14,WILMINGTON,DE,US,CITY,0,CASES
1943,15,WILMINGTON,DE,US,CITY,0,CASES
1943,16,WILMINGTON,DE,US,CITY,0,CASES
1943,17,WILMINGTON,DE,US,CITY,0,CASES
1943,18,WILMINGTON,DE,US,CITY,0,CASES
1943,19,WILMINGTON,DE,US,CITY,0,CASES
1943,20,WILMINGTON,DE,US,CITY,0,CASES
1943,21,WILMINGTON,DE,US,CITY,0,CASES
1943,22,WILMINGTON,DE,US,CITY,1,CASES
1943,23,WILMINGTON,DE,US,CITY,0,CASES
1943,24,WILMINGTON,DE,US,CITY,0,CASES
1943,25,WILMINGTON,DE,US,CITY,0,CASES
1943,26,WILMINGTON,DE,US,CITY,0,CASES
1943,27,WILMINGTON,DE,US,CITY,1,CASES
1943,28,WILMINGTON,DE,US,CITY,1,CASES
1943,29,WILMINGTON,DE,US,CITY,0,CASES
1943,30,WILMINGTON,DE,US,CITY,1,CASES
1943,31,WILMINGTON,DE,US,CITY,0,CASES
1943,32,WILMINGTON,DE,US,CITY,0,CASES
1943,33,WILMINGTON,DE,US,CITY,1,CASES
1943,34,WILMINGTON,DE,US,CITY,0,CASES
1943,35,WILMINGTON,DE,US,CITY,1,CASES
1943,36,WILMINGTON,DE,US,CITY,0,CASES
1943,37,WILMINGTON,DE,US,CITY,0,CASES
1943,38,WILMINGTON,DE,US,CITY,0,CASES
1943,39,WILMINGTON,DE,US,CITY,0,CASES
1943,40,WILMINGTON,DE,US,CITY,0,CASES
1943,41,WILMINGTON,DE,US,CITY,0,CASES
1943,42,WILMINGTON,DE,US,CITY,0,CASES
1943,43,WILMINGTON,DE,US,CITY,0,CASES
1943,44,WILMINGTON,DE,US,CITY,0,CASES
1943,45,WILMINGTON,DE,US,CITY,0,CASES
1943,46,WILMINGTON,DE,US,CITY,0,CASES
1943,47,WILMINGTON,DE,US,CITY,0,CASES
1943,48,WILMINGTON,DE,US,CITY,1,CASES
1943,49,WILMINGTON,DE,US,CITY,0,CASES
1943,50,WILMINGTON,DE,US,CITY,0,CASES
1943,51,WILMINGTON,DE,US,CITY,0,CASES
1943,52,WILMINGTON,DE,US,CITY,0,CASES
1944,1,WILMINGTON,DE,US,CITY,0,CASES
1944,2,WILMINGTON,DE,US,CITY,1,CASES
1944,3,WILMINGTON,DE,US,CITY,1,CASES
1944,4,WILMINGTON,DE,US,CITY,0,CASES
1944,5,WILMINGTON,DE,US,CITY,2,CASES
1944,6,WILMINGTON,DE,US,CITY,0,CASES
1944,7,WILMINGTON,DE,US,CITY,1,CASES
1944,8,WILMINGTON,DE,US,CITY,0,CASES
1944,9,WILMINGTON,DE,US,CITY,0,CASES
1944,10,WILMINGTON,DE,US,CITY,0,CASES
1944,11,WILMINGTON,DE,US,CITY,0,CASES
1944,12,WILMINGTON,DE,US,CITY,1,CASES
1944,13,WILMINGTON,DE,US,CITY,1,CASES
1944,14,WILMINGTON,DE,US,CITY,1,CASES
1944,15,WILMINGTON,DE,US,CITY,1,CASES
1944,16,WILMINGTON,DE,US,CITY,0,CASES
1944,17,WILMINGTON,DE,US,CITY,0,CASES
1944,18,WILMINGTON,DE,US,CITY,1,CASES
1944,19,WILMINGTON,DE,US,CITY,0,CASES
1944,21,WILMINGTON,DE,US,CITY,0,CASES
1944,22,WILMINGTON,DE,US,CITY,0,CASES
1944,23,WILMINGTON,DE,US,CITY,0,CASES
1944,24,WILMINGTON,DE,US,CITY,0,CASES
1944,25,WILMINGTON,DE,US,CITY,0,CASES
1944,26,WILMINGTON,DE,US,CITY,0,CASES
1944,27,WILMINGTON,DE,US,CITY,0,CASES
1944,28,WILMINGTON,DE,US,CITY,0,CASES
1944,29,WILMINGTON,DE,US,CITY,0,CASES
1944,30,WILMINGTON,DE,US,CITY,0,CASES
1944,31,WILMINGTON,DE,US,CITY,0,CASES
1944,32,WILMINGTON,DE,US,CITY,0,CASES
1944,33,WILMINGTON,DE,US,CITY,0,CASES
1944,34,WILMINGTON,DE,US,CITY,0,CASES
1944,35,WILMINGTON,DE,US,CITY,0,CASES
1944,36,WILMINGTON,DE,US,CITY,0,CASES
1944,37,WILMINGTON,DE,US,CITY,0,CASES
1944,38,WILMINGTON,DE,US,CITY,0,CASES
1944,39,WILMINGTON,DE,US,CITY,0,CASES
1944,40,WILMINGTON,DE,US,CITY,0,CASES
1944,41,WILMINGTON,DE,US,CITY,0,CASES
1944,42,WILMINGTON,DE,US,CITY,0,CASES
1944,43,WILMINGTON,DE,US,CITY,1,CASES
1944,44,WILMINGTON,DE,US,CITY,0,CASES
1944,45,WILMINGTON,DE,US,CITY,0,CASES
1944,46,WILMINGTON,DE,US,CITY,0,CASES
1944,47,WILMINGTON,DE,US,CITY,0,CASES
1944,48,WILMINGTON,DE,US,CITY,0,CASES
1944,49,WILMINGTON,DE,US,CITY,0,CASES
1944,50,WILMINGTON,DE,US,CITY,1,CASES
1944,51,WILMINGTON,DE,US,CITY,0,CASES
1944,52,WILMINGTON,DE,US,CITY,0,CASES
1945,1,WILMINGTON,DE,US,CITY,0,CASES
1945,2,WILMINGTON,DE,US,CITY,0,CASES
1945,3,WILMINGTON,DE,US,CITY,0,CASES
1945,4,WILMINGTON,DE,US,CITY,0,CASES
1945,5,WILMINGTON,DE,US,CITY,0,CASES
1945,6,WILMINGTON,DE,US,CITY,0,CASES
1945,7,WILMINGTON,DE,US,CITY,0,CASES
1945,8,WILMINGTON,DE,US,CITY,0,CASES
1945,9,WILMINGTON,DE,US,CITY,0,CASES
1945,10,WILMINGTON,DE,US,CITY,0,CASES
1945,11,WILMINGTON,DE,US,CITY,1,CASES
1945,12,WILMINGTON,DE,US,CITY,0,CASES
1945,13,WILMINGTON,DE,US,CITY,0,CASES
1945,14,WILMINGTON,DE,US,CITY,5,CASES
1945,15,WILMINGTON,DE,US,CITY,1,CASES
1945,16,WILMINGTON,DE,US,CITY,0,CASES
1945,17,WILMINGTON,DE,US,CITY,0,CASES
1945,18,WILMINGTON,DE,US,CITY,0,CASES
1945,20,WILMINGTON,DE,US,CITY,1,CASES
1945,21,WILMINGTON,DE,US,CITY,1,CASES
1945,22,WILMINGTON,DE,US,CITY,1,CASES
1945,23,WILMINGTON,DE,US,CITY,0,CASES
1945,24,WILMINGTON,DE,US,CITY,0,CASES
1945,25,WILMINGTON,DE,US,CITY,0,CASES
1945,26,WILMINGTON,DE,US,CITY,0,CASES
1945,27,WILMINGTON,DE,US,CITY,0,CASES
1945,28,WILMINGTON,DE,US,CITY,0,CASES
1945,29,WILMINGTON,DE,US,CITY,0,CASES
1945,30,WILMINGTON,DE,US,CITY,0,CASES
1945,31,WILMINGTON,DE,US,CITY,0,CASES
1945,32,WILMINGTON,DE,US,CITY,0,CASES
1945,33,WILMINGTON,DE,US,CITY,0,CASES
1945,34,WILMINGTON,DE,US,CITY,0,CASES
1945,35,WILMINGTON,DE,US,CITY,0,CASES
1945,36,WILMINGTON,DE,US,CITY,0,CASES
1945,37,WILMINGTON,DE,US,CITY,0,CASES
1945,38,WILMINGTON,DE,US,CITY,0,CASES
1945,39,WILMINGTON,DE,US,CITY,0,CASES
1945,40,WILMINGTON,DE,US,CITY,0,CASES
1945,41,WILMINGTON,DE,US,CITY,0,CASES
1945,42,WILMINGTON,DE,US,CITY,2,CASES
1945,43,WILMINGTON,DE,US,CITY,1,CASES
1945,44,WILMINGTON,DE,US,CITY,0,CASES
1945,45,WILMINGTON,DE,US,CITY,0,CASES
1945,46,WILMINGTON,DE,US,CITY,0,CASES
1945,47,WILMINGTON,DE,US,CITY,0,CASES
1945,48,WILMINGTON,DE,US,CITY,0,CASES
1945,49,WILMINGTON,DE,US,CITY,0,CASES
1945,50,WILMINGTON,DE,US,CITY,0,CASES
1945,51,WILMINGTON,DE,US,CITY,0,CASES
1945,52,WILMINGTON,DE,US,CITY,0,CASES
1946,1,WILMINGTON,DE,US,CITY,0,CASES
1946,2,WILMINGTON,DE,US,CITY,0,CASES
1946,3,WILMINGTON,DE,US,CITY,0,CASES
1946,4,WILMINGTON,DE,US,CITY,0,CASES
1946,5,WILMINGTON,DE,US,CITY,0,CASES
1946,6,WILMINGTON,DE,US,CITY,0,CASES
1946,7,WILMINGTON,DE,US,CITY,0,CASES
1946,8,WILMINGTON,DE,US,CITY,0,CASES
1946,9,WILMINGTON,DE,US,CITY,2,CASES
1946,10,WILMINGTON,DE,US,CITY,2,CASES
1946,11,WILMINGTON,DE,US,CITY,0,CASES
1946,12,WILMINGTON,DE,US,CITY,0,CASES
1946,13,WILMINGTON,DE,US,CITY,1,CASES
1946,14,WILMINGTON,DE,US,CITY,0,CASES
1946,15,WILMINGTON,DE,US,CITY,0,CASES
1946,16,WILMINGTON,DE,US,CITY,0,CASES
1946,17,WILMINGTON,DE,US,CITY,0,CASES
1946,18,WILMINGTON,DE,US,CITY,0,CASES
1946,19,WILMINGTON,DE,US,CITY,0,CASES
1946,20,WILMINGTON,DE,US,CITY,1,CASES
1946,21,WILMINGTON,DE,US,CITY,0,CASES
1946,22,WILMINGTON,DE,US,CITY,0,CASES
1946,23,WILMINGTON,DE,US,CITY,0,CASES
1946,24,WILMINGTON,DE,US,CITY,0,CASES
1946,25,WILMINGTON,DE,US,CITY,0,CASES
1946,26,WILMINGTON,DE,US,CITY,0,CASES
1946,27,WILMINGTON,DE,US,CITY,0,CASES
1946,28,WILMINGTON,DE,US,CITY,0,CASES
1946,29,WILMINGTON,DE,US,CITY,0,CASES
1946,30,WILMINGTON,DE,US,CITY,1,CASES
1946,31,WILMINGTON,DE,US,CITY,0,CASES
1946,32,WILMINGTON,DE,US,CITY,0,CASES
1946,33,WILMINGTON,DE,US,CITY,0,CASES
1946,34,WILMINGTON,DE,US,CITY,0,CASES
1946,35,WILMINGTON,DE,US,CITY,0,CASES
1946,36,WILMINGTON,DE,US,CITY,0,CASES
1946,37,WILMINGTON,DE,US,CITY,0,CASES
1946,38,WILMINGTON,DE,US,CITY,0,CASES
1946,39,WILMINGTON,DE,US,CITY,0,CASES
1946,40,WILMINGTON,DE,US,CITY,0,CASES
1946,41,WILMINGTON,DE,US,CITY,0,CASES
1946,42,WILMINGTON,DE,US,CITY,0,CASES
1946,43,WILMINGTON,DE,US,CITY,0,CASES
1946,44,WILMINGTON,DE,US,CITY,0,CASES
1946,45,WILMINGTON,DE,US,CITY,0,CASES
1946,46,WILMINGTON,DE,US,CITY,0,CASES
1946,47,WILMINGTON,DE,US,CITY,0,CASES
1946,48,WILMINGTON,DE,US,CITY,0,CASES
1946,49,WILMINGTON,DE,US,CITY,0,CASES
1946,50,WILMINGTON,DE,US,CITY,1,CASES
1946,51,WILMINGTON,DE,US,CITY,0,CASES
1947,1,WILMINGTON,DE,US,CITY,0,CASES
1947,2,WILMINGTON,DE,US,CITY,0,CASES
1947,3,WILMINGTON,DE,US,CITY,0,CASES
1947,4,WILMINGTON,DE,US,CITY,0,CASES
1947,5,WILMINGTON,DE,US,CITY,0,CASES
1947,6,WILMINGTON,DE,US,CITY,0,CASES
1947,7,WILMINGTON,DE,US,CITY,0,CASES
1947,8,WILMINGTON,DE,US,CITY,1,CASES
1947,9,WILMINGTON,DE,US,CITY,0,CASES
1947,10,WILMINGTON,DE,US,CITY,0,CASES
1947,11,WILMINGTON,DE,US,CITY,1,CASES
1947,12,WILMINGTON,DE,US,CITY,0,CASES
1947,13,WILMINGTON,DE,US,CITY,0,CASES
1947,14,WILMINGTON,DE,US,CITY,0,CASES
1947,15,WILMINGTON,DE,US,CITY,0,CASES
1947,16,WILMINGTON,DE,US,CITY,1,CASES
1947,17,WILMINGTON,DE,US,CITY,0,CASES
1947,18,WILMINGTON,DE,US,CITY,0,CASES
1947,19,WILMINGTON,DE,US,CITY,1,CASES
1947,20,WILMINGTON,DE,US,CITY,1,CASES
1947,21,WILMINGTON,DE,US,CITY,0,CASES
1947,22,WILMINGTON,DE,US,CITY,0,CASES
1947,23,WILMINGTON,DE,US,CITY,0,CASES
1947,24,WILMINGTON,DE,US,CITY,0,CASES
1947,25,WILMINGTON,DE,US,CITY,0,CASES
1947,26,WILMINGTON,DE,US,CITY,0,CASES
1947,27,WILMINGTON,DE,US,CITY,0,CASES
1947,28,WILMINGTON,DE,US,CITY,0,CASES
1947,29,WILMINGTON,DE,US,CITY,0,CASES
1947,30,WILMINGTON,DE,US,CITY,0,CASES
1947,31,WILMINGTON,DE,US,CITY,0,CASES
1947,32,WILMINGTON,DE,US,CITY,0,CASES
1947,33,WILMINGTON,DE,US,CITY,0,CASES
1947,34,WILMINGTON,DE,US,CITY,0,CASES
1947,35,WILMINGTON,DE,US,CITY,0,CASES
1947,36,WILMINGTON,DE,US,CITY,0,CASES
1947,37,WILMINGTON,DE,US,CITY,0,CASES
1947,38,WILMINGTON,DE,US,CITY,0,CASES
1947,39,WILMINGTON,DE,US,CITY,0,CASES
1947,40,WILMINGTON,DE,US,CITY,0,CASES
1947,41,WILMINGTON,DE,US,CITY,0,CASES
1947,42,WILMINGTON,DE,US,CITY,0,CASES
1947,43,WILMINGTON,DE,US,CITY,0,CASES
1947,44,WILMINGTON,DE,US,CITY,0,CASES
1947,45,WILMINGTON,DE,US,CITY,0,CASES
1947,46,WILMINGTON,DE,US,CITY,0,CASES
1947,47,WILMINGTON,DE,US,CITY,0,CASES
1947,48,WILMINGTON,DE,US,CITY,0,CASES
1947,49,WILMINGTON,DE,US,CITY,0,CASES
1947,50,WILMINGTON,DE,US,CITY,0,CASES
1947,51,WILMINGTON,DE,US,CITY,0,CASES
1947,52,WILMINGTON,DE,US,CITY,0,CASES
1947,53,WILMINGTON,DE,US,CITY,0,CASES
1948,1,WILMINGTON,DE,US,CITY,0,CASES
1948,2,WILMINGTON,DE,US,CITY,1,CASES
1948,3,WILMINGTON,DE,US,CITY,0,CASES
1948,4,WILMINGTON,DE,US,CITY,0,CASES
1948,5,WILMINGTON,DE,US,CITY,0,CASES
1948,6,WILMINGTON,DE,US,CITY,0,CASES
1948,7,WILMINGTON,DE,US,CITY,0,CASES
1948,8,WILMINGTON,DE,US,CITY,0,CASES
1948,9,WILMINGTON,DE,US,CITY,0,CASES
1948,10,WILMINGTON,DE,US,CITY,0,CASES
1948,11,WILMINGTON,DE,US,CITY,0,CASES
1948,12,WILMINGTON,DE,US,CITY,0,CASES
1948,13,WILMINGTON,DE,US,CITY,0,CASES
1948,14,WILMINGTON,DE,US,CITY,0,CASES
1948,15,WILMINGTON,DE,US,CITY,0,CASES
1948,16,WILMINGTON,DE,US,CITY,0,CASES
1948,17,WILMINGTON,DE,US,CITY,0,CASES
1948,18,WILMINGTON,DE,US,CITY,0,CASES
1948,19,WILMINGTON,DE,US,CITY,0,CASES
1948,21,WILMINGTON,DE,US,CITY,1,CASES
1948,22,WILMINGTON,DE,US,CITY,0,CASES
1948,23,WILMINGTON,DE,US,CITY,0,CASES
1948,24,WILMINGTON,DE,US,CITY,0,CASES
1948,25,WILMINGTON,DE,US,CITY,0,CASES
1948,26,WILMINGTON,DE,US,CITY,0,CASES
